score	groups
cb_cyclo	0.888761792865425	a
cb_cyclo_bt	0.883046007194413	a
cb_cyclo_div	0.780619806394088	b
