score	groups
cb_cyclo_div	0.912357589546625	a
cb_cyclo_bt	0.866234953442287	b
cb_cyclo	0.853030587154596	b
