score	groups
qtf	0.864702413637017	a
randomized	0.597819933408195	b
