score	groups
qtf	0.621371453243942	a
randomized	0.594233193767457	a
